"Date","Price","Open","High","Low","Vol.","Change %"
"Oct 23, 2019","96.64","97.53","97.53","94.79","17.46M","-0.74%"
"Oct 22, 2019","97.36","101.36","101.95","97.11","11.38M","-4.02%"
"Oct 21, 2019","101.44","102.36","102.73","100.47","6.92M","0.22%"
"Oct 18, 2019","101.22","103.92","104.32","100.75","7.26M","-2.33%"
"Oct 17, 2019","103.63","103.89","104.34","102.84","4.02M","0.52%"
"Oct 16, 2019","103.09","103.00","103.23","101.90","4.36M","-0.48%"
"Oct 15, 2019","103.59","102.01","103.66","101.90","4.63M","1.81%"
"Oct 14, 2019","101.75","101.59","102.35","101.37","3.82M","0.17%"
"Oct 11, 2019","101.58","101.78","103.96","101.47","4.79M","1.03%"
"Oct 10, 2019","100.54","99.40","101.00","99.40","4.56M","0.65%"
"Oct 09, 2019","99.89","99.44","100.69","99.39","5.04M","0.56%"
"Oct 08, 2019","99.33","100.85","101.15","99.25","7.40M","-2.25%"
"Oct 07, 2019","101.62","102.11","102.61","101.52","3.83M","-1.14%"
"Oct 04, 2019","102.79","101.84","102.98","100.84","5.53M","1.74%"
"Oct 03, 2019","101.03","99.54","101.31","98.61","5.34M","1.30%"
"Oct 02, 2019","99.73","101.81","101.83","99.36","8.01M","-2.73%"
"Oct 01, 2019","102.53","104.00","104.64","102.23","5.75M","-1.02%"
"Sep 30, 2019","103.59","102.68","104.07","101.48","7.51M","1.36%"
"Sep 27, 2019","102.20","104.87","105.17","101.10","7.19M","-2.25%"
"Sep 26, 2019","104.55","104.43","104.87","103.22","4.78M","0.39%"
"Sep 25, 2019","104.14","103.34","104.46","101.54","5.52M","0.43%"
"Sep 24, 2019","103.69","105.41","106.10","102.73","6.44M","-1.35%"
"Sep 23, 2019","105.11","104.73","105.32","104.35","3.40M","0.45%"
"Sep 20, 2019","104.64","104.71","105.46","103.91","10.71M","-1.39%"
"Sep 19, 2019","106.12","105.64","107.02","105.60","5.25M","0.49%"
"Sep 18, 2019","105.60","107.78","107.80","103.73","6.69M","-1.77%"
"Sep 17, 2019","107.50","106.81","107.89","106.46","4.12M","0.92%"
"Sep 16, 2019","106.52","106.13","108.01","105.99","5.22M","-0.45%"
"Sep 13, 2019","107.00","106.66","107.29","105.25","8.39M","-0.09%"
"Sep 12, 2019","107.10","105.71","107.92","105.49","11.59M","2.96%"
"Sep 11, 2019","104.02","104.15","104.48","103.11","7.01M","0.94%"
"Sep 10, 2019","103.05","104.77","104.95","101.31","13.43M","-2.26%"
"Sep 09, 2019","105.43","110.62","110.77","103.90","10.96M","-4.20%"
"Sep 06, 2019","110.05","111.66","111.67","109.62","4.68M","-1.27%"
"Sep 05, 2019","111.46","110.00","111.63","109.51","5.35M","2.51%"
"Sep 04, 2019","108.73","107.75","109.23","107.29","3.69M","1.85%"
"Sep 03, 2019","106.75","107.92","108.86","106.46","4.04M","-2.11%"
"Aug 30, 2019","109.05","110.13","110.97","108.54","3.96M","-0.15%"
"Aug 29, 2019","109.21","108.96","109.76","108.78","3.93M","1.62%"
"Aug 28, 2019","107.47","106.71","107.63","105.35","3.26M","0.02%"
"Aug 27, 2019","107.45","108.39","108.72","106.95","4.94M","-0.20%"
"Aug 26, 2019","107.66","107.11","107.83","106.29","3.67M","1.53%"
"Aug 23, 2019","106.04","108.93","110.14","105.51","7.46M","-2.51%"
"Aug 22, 2019","108.77","110.08","110.29","107.65","3.86M","-0.96%"
"Aug 21, 2019","109.82","108.54","110.02","108.40","5.42M","2.28%"
"Aug 20, 2019","107.37","107.91","108.58","107.02","4.36M","-0.28%"
"Aug 19, 2019","107.67","108.00","108.44","106.83","5.72M","1.42%"
"Aug 16, 2019","106.16","106.08","106.61","105.55","5.99M","1.15%"
"Aug 15, 2019","104.95","103.90","105.79","103.13","7.05M","1.63%"
"Aug 14, 2019","103.27","104.17","105.13","102.44","9.54M","-2.61%"
"Aug 13, 2019","106.04","103.39","106.70","102.68","9.91M","3.23%"
"Aug 12, 2019","102.72","104.01","104.38","102.21","7.90M","-2.00%"
"Aug 09, 2019","104.82","106.40","106.52","104.45","7.78M","-1.84%"
"Aug 08, 2019","106.79","107.35","108.14","106.08","7.81M","0.15%"
"Aug 07, 2019","106.63","104.06","107.16","103.30","7.62M","1.52%"
"Aug 06, 2019","105.03","105.00","106.00","104.48","7.74M","1.38%"
"Aug 05, 2019","103.60","103.76","105.39","102.41","11.75M","-3.26%"
"Aug 02, 2019","107.09","109.47","109.65","105.83","10.47M","-3.35%"
"Aug 01, 2019","110.80","110.45","112.45","109.67","9.44M","0.36%"
"Jul 31, 2019","110.40","112.20","112.30","109.43","10.10M","-1.46%"
"Jul 30, 2019","112.04","110.79","112.29","108.77","8.46M","0.53%"
"Jul 29, 2019","111.45","113.50","114.28","111.22","13.82M","-3.50%"
"Jul 26, 2019","115.49","115.71","116.35","114.34","8.00M","0.32%"
"Jul 25, 2019","115.12","116.75","117.55","113.23","19.42M","-5.09%"
"Jul 24, 2019","121.30","120.00","121.33","118.93","8.97M","0.90%"
"Jul 23, 2019","120.22","119.42","120.27","118.69","5.02M","1.29%"
"Jul 22, 2019","118.69","118.99","119.21","118.12","5.68M","0.05%"
"Jul 19, 2019","118.63","120.74","121.36","118.60","4.92M","-1.03%"
"Jul 18, 2019","119.87","118.99","120.80","118.63","4.44M","0.89%"
"Jul 17, 2019","118.81","119.65","119.99","118.80","4.63M","-0.75%"
"Jul 16, 2019","119.71","121.10","121.48","119.53","4.01M","-0.98%"
"Jul 15, 2019","120.90","120.77","121.04","119.80","3.72M","0.65%"
"Jul 12, 2019","120.12","120.92","121.00","119.31","4.54M","-0.44%"
"Jul 11, 2019","120.65","120.17","120.75","119.24","5.00M","0.84%"
"Jul 10, 2019","119.64","119.11","120.20","118.78","5.88M","1.07%"
"Jul 09, 2019","118.37","116.37","118.62","116.25","4.74M","1.21%"
"Jul 08, 2019","116.95","116.34","117.22","115.14","4.98M","-0.18%"
"Jul 05, 2019","117.16","116.54","117.40","114.69","3.80M","-0.44%"
"Jul 03, 2019","117.68","116.88","117.72","116.06","3.29M","1.30%"
"Jul 02, 2019","116.17","115.18","116.20","114.58","4.16M","0.99%"
"Jul 01, 2019","115.03","116.72","116.75","114.35","5.71M","0.50%"
"Jun 28, 2019","114.46","114.24","114.62","113.33","6.68M","0.69%"
"Jun 27, 2019","113.67","114.51","114.87","113.08","5.14M","-0.42%"
"Jun 26, 2019","114.15","115.70","116.38","114.11","4.64M","-0.25%"
"Jun 25, 2019","114.44","116.58","116.96","113.39","5.40M","-1.77%"
"Jun 24, 2019","116.50","116.51","116.77","115.66","3.37M","0.25%"
"Jun 21, 2019","116.21","116.08","117.28","115.97","10.65M","-2.17%"
"Jun 20, 2019","118.79","118.85","119.95","117.84","5.44M","1.41%"
"Jun 19, 2019","117.14","116.00","117.34","115.22","5.17M","1.00%"
"Jun 18, 2019","115.98","118.60","118.65","115.84","6.79M","-1.01%"
"Jun 17, 2019","117.16","116.58","117.33","116.37","4.62M","0.85%"
"Jun 14, 2019","116.17","115.91","116.73","115.27","4.24M","0.39%"
"Jun 13, 2019","115.72","114.82","115.82","114.59","4.09M","1.07%"
"Jun 12, 2019","114.50","114.59","114.89","113.47","3.91M","-0.09%"
"Jun 11, 2019","114.60","116.97","117.45","113.30","5.04M","-0.88%"
"Jun 10, 2019","115.62","115.10","117.35","114.85","6.48M","1.40%"
"Jun 07, 2019","114.02","112.30","115.14","112.08","5.92M","2.00%"
"Jun 06, 2019","111.78","111.11","112.04","110.27","4.74M","0.91%"
"Jun 05, 2019","110.77","110.04","110.88","109.46","6.22M","1.88%"
"Jun 04, 2019","108.73","106.83","108.83","105.78","7.28M","3.04%"
"Jun 03, 2019","105.52","111.09","111.09","103.96","11.26M","-3.85%"
"May 31, 2019","109.75","110.33","110.80","108.74","4.91M","-1.49%"
"May 30, 2019","111.41","110.64","111.57","110.09","3.87M","1.21%"
"May 29, 2019","110.08","110.75","110.97","109.31","8.17M","-1.49%"
"May 28, 2019","111.74","110.57","113.14","110.50","6.57M","1.72%"
"May 24, 2019","109.85","110.84","111.24","109.46","4.83M","-0.05%"
"May 23, 2019","109.90","111.47","111.71","109.06","7.18M","-2.29%"
"May 22, 2019","112.47","112.28","113.96","112.21","3.09M","0.04%"
"May 21, 2019","112.43","112.67","113.12","111.69","4.00M","0.25%"
"May 20, 2019","112.15","111.97","113.31","111.23","3.63M","-0.58%"
"May 17, 2019","112.80","113.07","114.25","112.24","4.51M","-0.94%"
"May 16, 2019","113.87","111.20","114.66","111.16","6.03M","2.13%"
"May 15, 2019","111.50","108.59","111.93","108.31","5.32M","2.21%"
"May 14, 2019","109.09","107.56","110.40","107.35","4.56M","2.12%"
"May 13, 2019","106.83","107.60","108.63","106.52","5.66M","-3.24%"
"May 10, 2019","110.41","109.22","110.68","107.46","3.75M","0.62%"
"May 09, 2019","109.73","108.10","110.13","107.25","4.66M","0.61%"
"May 08, 2019","109.07","108.58","109.88","108.15","4.12M","0.11%"
"May 07, 2019","108.95","110.17","110.17","107.64","6.18M","-1.71%"
"May 06, 2019","110.85","109.44","111.12","108.58","4.72M","-0.99%"
"May 03, 2019","111.96","110.57","112.12","110.25","4.66M","2.06%"
"May 02, 2019","109.70","110.60","111.16","108.91","5.27M","-1.12%"
"May 01, 2019","110.94","113.21","113.69","110.92","5.44M","-1.62%"
"Apr 30, 2019","112.77","112.44","113.22","111.20","6.49M","0.29%"
"Apr 29, 2019","112.44","110.70","113.00","110.44","6.99M","1.70%"
"Apr 26, 2019","110.56","109.72","110.57","107.88","7.68M","0.31%"
"Apr 25, 2019","110.22","108.52","110.92","108.52","10.96M","2.80%"
"Apr 24, 2019","107.22","107.11","108.39","106.42","9.55M","0.30%"
"Apr 23, 2019","106.90","107.10","107.51","106.44","8.56M","0.08%"
"Apr 22, 2019","106.81","106.79","107.18","106.02","6.41M","-0.51%"
"Apr 18, 2019","107.36","108.36","108.45","105.08","10.22M","-1.33%"
"Apr 17, 2019","108.81","107.81","108.86","107.25","5.35M","0.56%"
"Apr 16, 2019","108.20","108.80","108.80","107.58","3.77M","0.06%"
"Apr 15, 2019","108.14","108.58","109.00","107.31","4.48M","-0.31%"
"Apr 12, 2019","108.48","107.03","108.54","106.41","7.00M","1.90%"
"Apr 11, 2019","106.46","107.51","107.74","105.91","7.68M","-0.98%"
"Apr 10, 2019","107.51","107.15","107.77","106.39","6.56M","0.54%"
"Apr 09, 2019","106.93","106.06","107.51","105.83","7.22M","0.34%"
"Apr 08, 2019","106.57","105.66","107.00","104.67","9.26M","0.79%"
"Apr 05, 2019","105.73","104.84","105.80","104.62","8.57M","1.22%"
"Apr 04, 2019","104.46","104.70","104.97","102.65","8.00M","-0.22%"
"Apr 03, 2019","104.69","105.91","105.97","104.49","5.44M","-0.51%"
"Apr 02, 2019","105.23","105.76","105.76","104.66","4.18M","-0.30%"
"Apr 01, 2019","105.55","104.99","105.76","103.85","6.16M","1.65%"
"Mar 29, 2019","103.84","104.52","104.70","103.46","5.63M","-0.02%"
"Mar 28, 2019","103.86","103.45","104.01","102.67","4.47M","0.77%"
"Mar 27, 2019","103.07","103.20","104.17","101.74","5.45M","-0.08%"
"Mar 26, 2019","103.15","102.34","103.28","101.75","4.50M","1.58%"
"Mar 25, 2019","101.55","100.94","102.18","100.51","5.12M","0.28%"
"Mar 22, 2019","101.27","103.87","104.00","101.25","7.19M","-2.77%"
"Mar 21, 2019","104.15","102.15","104.56","102.08","7.22M","1.80%"
"Mar 20, 2019","102.31","101.45","103.05","100.84","6.46M","0.76%"
"Mar 19, 2019","101.54","100.60","101.69","100.60","6.97M","1.27%"
"Mar 18, 2019","100.27","101.21","101.83","99.37","6.45M","-0.46%"
"Mar 15, 2019","100.73","99.40","101.26","99.33","10.96M","1.72%"
"Mar 14, 2019","99.03","99.46","99.67","98.93","5.41M","-0.28%"
"Mar 13, 2019","99.31","98.20","100.59","98.14","9.36M","1.86%"
"Mar 12, 2019","97.50","98.00","98.08","96.90","5.62M","0.05%"
"Mar 11, 2019","97.45","96.01","97.57","95.95","5.39M","1.84%"
"Mar 08, 2019","95.69","95.04","95.77","94.51","4.58M","-0.54%"
"Mar 07, 2019","96.21","96.17","96.75","95.30","6.17M","-0.26%"
"Mar 06, 2019","96.46","96.52","97.28","95.91","3.23M","-0.07%"
"Mar 05, 2019","96.53","96.65","97.14","96.15","6.32M","-0.04%"
"Mar 04, 2019","96.57","98.03","98.50","95.34","7.86M","-2.26%"
"Mar 01, 2019","98.80","98.92","99.45","98.34","5.43M","0.74%"
"Feb 28, 2019","98.07","97.66","98.53","97.08","6.15M","0.21%"
"Feb 27, 2019","97.86","96.11","98.04","95.93","5.57M","1.31%"
"Feb 26, 2019","96.59","96.34","96.82","95.53","5.91M","-0.11%"
"Feb 25, 2019","96.70","96.07","97.30","96.00","7.47M","0.75%"
"Feb 22, 2019","95.98","95.24","96.00","95.07","4.90M","1.07%"
"Feb 21, 2019","94.96","94.72","95.51","94.33","6.41M","0.24%"
"Feb 20, 2019","94.73","95.00","95.72","93.98","8.15M","-0.31%"
"Feb 19, 2019","95.02","94.45","95.30","94.06","8.09M","0.12%"
"Feb 15, 2019","94.91","95.00","95.43","94.45","6.08M","0.52%"
"Feb 14, 2019","94.42","93.65","94.99","93.10","6.58M","0.44%"
"Feb 13, 2019","94.01","94.59","96.04","93.84","8.58M","-0.39%"
"Feb 12, 2019","94.38","93.44","94.51","93.20","7.50M","1.82%"
"Feb 11, 2019","92.69","92.25","93.75","92.15","6.46M","0.89%"
"Feb 08, 2019","91.87","90.02","91.91","90.00","7.64M","1.12%"
"Feb 07, 2019","90.85","91.11","91.71","90.01","7.28M","-1.52%"
"Feb 06, 2019","92.25","90.80","92.29","90.19","5.94M","-0.02%"
"Feb 05, 2019","92.27","91.91","92.35","91.36","5.59M","0.67%"
"Feb 04, 2019","91.66","89.88","92.12","89.71","7.08M","1.83%"
"Feb 01, 2019","90.01","88.36","90.50","88.25","10.51M","1.41%"
"Jan 31, 2019","88.76","89.02","90.09","86.62","23.73M","-3.96%"
"Jan 30, 2019","92.42","92.02","93.34","90.90","11.62M","1.43%"
"Jan 29, 2019","91.12","92.33","92.85","90.57","6.40M","-1.28%"
"Jan 28, 2019","92.30","93.30","93.42","90.69","7.36M","-2.10%"
"Jan 25, 2019","94.28","93.05","94.58","92.69","11.66M","2.26%"
"Jan 24, 2019","92.20","90.67","92.99","90.55","9.75M","1.88%"
"Jan 23, 2019","90.50","90.74","91.17","89.57","5.60M","0.62%"
"Jan 22, 2019","89.94","90.33","90.97","89.09","7.89M","-1.29%"
"Jan 18, 2019","91.12","91.35","91.44","89.78","11.96M","0.80%"
"Jan 17, 2019","90.40","90.25","90.87","89.81","10.25M","-0.17%"
"Jan 16, 2019","90.55","91.72","92.35","90.21","8.48M","-1.15%"
"Jan 15, 2019","91.60","90.64","91.91","90.19","10.38M","1.29%"
"Jan 14, 2019","90.43","89.96","90.81","89.55","6.08M","-0.24%"
"Jan 11, 2019","90.65","90.11","91.14","90.10","7.40M","-0.06%"
"Jan 10, 2019","90.70","89.10","90.79","87.92","7.48M","1.28%"
"Jan 09, 2019","89.55","88.81","90.31","88.50","9.58M","0.96%"
"Jan 08, 2019","88.70","88.11","88.89","87.69","8.31M","2.04%"
"Jan 07, 2019","86.93","86.42","87.55","86.02","11.09M","0.77%"
"Jan 04, 2019","86.27","83.71","86.91","83.37","9.23M","5.09%"
"Jan 03, 2019","82.09","84.36","84.75","81.91","9.65M","-4.27%"
"Jan 02, 2019","85.75","82.38","86.20","82.24","10.15M","1.97%"
"Dec 31, 2018","84.09","84.24","84.48","82.55","7.25M","1.00%"
"Dec 28, 2018","83.26","85.00","85.23","82.34","6.85M","-1.25%"
"Dec 27, 2018","84.31","81.33","84.36","80.24","7.85M","1.82%"
"Dec 26, 2018","82.80","77.70","82.80","77.65","10.99M","7.45%"
"Dec 24, 2018","77.06","77.48","79.32","76.70","6.80M","-1.38%"
"Dec 21, 2018","78.14","82.81","83.77","77.69","17.70M","-5.22%"
"Dec 20, 2018","82.44","83.78","84.87","80.82","12.53M","-1.89%"
"Dec 19, 2018","84.03","85.63","87.80","82.93","11.26M","-1.73%"
"Dec 18, 2018","85.51","84.70","86.37","84.62","9.57M","1.68%"
"Dec 17, 2018","84.10","85.69","86.30","83.35","8.37M","-2.12%"
"Dec 14, 2018","85.92","86.38","87.94","85.42","6.87M","-1.87%"
"Dec 13, 2018","87.56","87.73","88.71","86.41","8.88M","1.23%"
"Dec 12, 2018","86.50","86.84","88.46","86.50","10.31M","1.16%"
"Dec 11, 2018","85.51","86.01","86.90","84.56","8.16M","0.68%"
"Dec 10, 2018","84.93","83.25","85.50","82.76","9.35M","2.61%"
"Dec 07, 2018","82.77","84.96","85.99","81.97","8.42M","-3.55%"
"Dec 06, 2018","85.82","81.82","85.86","81.29","10.20M","1.94%"
"Dec 04, 2018","84.19","87.24","88.47","84.02","8.25M","-4.31%"
"Dec 03, 2018","87.98","87.29","88.84","87.19","10.82M","2.53%"
"Nov 30, 2018","85.81","84.39","85.86","83.66","11.27M","1.84%"
"Nov 29, 2018","84.26","85.37","85.67","83.79","6.52M","-2.00%"
"Nov 28, 2018","85.98","82.27","86.00","81.95","9.34M","4.89%"
"Nov 27, 2018","81.97","81.00","82.00","80.20","5.34M","1.37%"
"Nov 26, 2018","80.86","78.97","80.98","78.86","9.29M","3.73%"
"Nov 23, 2018","77.95","78.09","79.71","77.90","3.07M","-1.48%"
"Nov 21, 2018","79.12","79.09","79.89","77.64","8.52M","1.75%"
"Nov 20, 2018","77.76","77.00","79.08","75.47","14.20M","-2.96%"
"Nov 19, 2018","80.13","84.77","85.19","79.90","11.46M","-5.80%"
"Nov 16, 2018","85.06","86.00","86.72","84.83","7.58M","-1.94%"
"Nov 15, 2018","86.74","83.79","87.09","83.60","10.00M","3.20%"
"Nov 14, 2018","84.05","84.98","85.14","83.07","6.68M","0.32%"
"Nov 13, 2018","83.78","84.12","85.23","83.16","4.73M","0.00%"
"Nov 12, 2018","83.78","86.17","86.65","83.30","6.28M","-3.43%"
"Nov 09, 2018","86.76","88.45","88.45","85.55","9.11M","-2.56%"
"Nov 08, 2018","89.04","87.70","89.06","87.68","7.54M","0.92%"
"Nov 07, 2018","88.23","85.86","88.49","85.73","8.67M","4.18%"
"Nov 06, 2018","84.69","84.10","85.31","83.72","4.66M","0.76%"
"Nov 05, 2018","84.05","83.33","84.25","82.25","4.62M","0.65%"
"Nov 02, 2018","83.51","85.46","86.10","82.65","7.01M","-1.80%"
"Nov 01, 2018","85.04","84.18","85.15","83.57","5.95M","1.01%"
"Oct 31, 2018","84.19","82.37","85.35","82.30","11.19M","4.07%"
"Oct 30, 2018","80.90","80.33","81.96","79.42","13.10M","-0.31%"
"Oct 29, 2018","81.15","84.74","85.24","78.99","12.92M","-2.66%"
"Oct 26, 2018","83.37","83.22","85.66","82.18","13.97M","-3.01%"
"Oct 25, 2018","85.96","84.24","86.51","83.56","9.27M","3.45%"
"Oct 24, 2018","83.09","87.04","87.69","83.01","14.75M","-5.12%"
"Oct 23, 2018","87.57","83.20","87.80","82.99","14.75M","2.50%"
"Oct 22, 2018","85.43","84.86","86.23","83.57","11.25M","0.77%"
"Oct 19, 2018","84.78","83.75","86.17","82.92","34.21M","9.42%"
"Oct 18, 2018","77.48","80.17","80.44","77.36","19.75M","-3.26%"
"Oct 17, 2018","80.09","81.19","81.39","79.50","10.02M","-0.65%"
"Oct 16, 2018","80.61","78.85","80.91","78.46","10.06M","4.38%"
"Oct 15, 2018","77.23","78.88","79.14","77.22","8.48M","-2.28%"
"Oct 12, 2018","79.03","79.12","79.60","77.79","14.13M","4.12%"
"Oct 11, 2018","75.90","76.81","77.78","74.66","21.01M","0.60%"
"Oct 10, 2018","75.45","79.61","79.91","75.32","16.92M","-5.72%"
"Oct 09, 2018","80.03","80.65","81.84","79.44","9.33M","-0.65%"
"Oct 08, 2018","80.55","82.62","82.89","78.65","16.87M","-3.16%"
"Oct 05, 2018","83.18","84.21","84.84","82.32","10.74M","-1.38%"
"Oct 04, 2018","84.34","86.39","86.50","83.54","9.08M","-3.22%"
"Oct 03, 2018","87.15","87.40","87.95","86.37","6.63M","0.54%"
"Oct 02, 2018","86.68","87.27","87.35","85.83","6.49M","-0.99%"
"Oct 01, 2018","87.55","88.13","88.80","87.40","9.26M","-0.33%"
"Sep 28, 2018","87.84","88.79","89.05","87.60","7.92M","-1.29%"
"Sep 27, 2018","88.99","90.61","90.70","88.86","7.00M","-0.96%"
"Sep 26, 2018","89.85","90.34","90.93","89.70","5.94M","-0.21%"
"Sep 25, 2018","90.04","89.62","90.38","89.27","5.95M","0.47%"
"Sep 24, 2018","89.62","89.95","90.26","88.26","8.30M","-1.10%"
"Sep 21, 2018","90.62","91.05","92.00","90.42","25.38M","0.02%"
"Sep 20, 2018","90.60","89.84","90.78","89.19","6.56M","1.44%"
"Sep 19, 2018","89.31","90.10","90.74","88.24","5.50M","-0.46%"
"Sep 18, 2018","89.72","88.71","90.09","88.71","5.82M","1.17%"
"Sep 17, 2018","88.68","90.66","91.30","88.51","9.29M","-2.31%"
"Sep 14, 2018","90.78","92.25","92.68","90.68","9.34M","-1.53%"
"Sep 13, 2018","92.19","92.60","93.70","92.06","8.31M","-0.23%"
"Sep 12, 2018","92.40","91.53","92.46","90.21","7.21M","1.06%"
"Sep 11, 2018","91.43","89.83","91.71","89.03","7.32M","1.82%"
"Sep 10, 2018","89.80","89.43","89.99","88.56","5.47M","1.10%"
"Sep 07, 2018","88.82","88.13","89.68","87.39","5.68M","-0.20%"
"Sep 06, 2018","89.00","89.18","89.56","88.06","6.84M","-0.06%"
"Sep 05, 2018","89.05","92.98","93.00","88.70","10.20M","-4.32%"
"Sep 04, 2018","93.07","91.94","93.44","91.62","6.47M","0.80%"
"Aug 31, 2018","92.33","91.84","92.74","91.80","4.87M","0.26%"
"Aug 30, 2018","92.09","92.29","93.01","91.71","7.15M","-0.57%"
"Aug 29, 2018","92.62","90.78","92.94","90.78","7.93M","2.22%"
"Aug 28, 2018","90.61","90.10","90.85","89.68","4.64M","0.71%"
"Aug 27, 2018","89.97","90.68","91.32","89.78","5.47M","-0.14%"
"Aug 24, 2018","90.10","87.95","90.13","87.95","7.40M","3.11%"
"Aug 23, 2018","87.38","86.72","88.17","86.67","4.31M","0.49%"
"Aug 22, 2018","86.95","86.00","87.16","85.63","4.27M","0.85%"
"Aug 21, 2018","86.22","85.82","87.38","85.82","5.39M","0.55%"
"Aug 20, 2018","85.75","85.74","86.00","84.90","4.10M","0.35%"
"Aug 17, 2018","85.45","85.10","85.77","84.22","6.25M","0.15%"
"Aug 16, 2018","85.32","85.85","85.90","84.87","5.97M","0.15%"
"Aug 15, 2018","85.19","86.78","87.25","84.61","8.74M","-2.90%"
"Aug 14, 2018","87.73","87.37","87.83","86.48","6.11M","0.83%"
"Aug 13, 2018","87.01","87.42","88.50","86.96","6.04M","0.00%"
"Aug 10, 2018","87.01","86.55","88.03","86.01","5.80M","-0.18%"
"Aug 09, 2018","87.17","86.91","88.09","86.48","5.51M","0.50%"
"Aug 08, 2018","86.74","86.23","87.09","85.86","3.89M","0.51%"
"Aug 07, 2018","86.30","86.30","86.99","85.95","4.95M","0.62%"
"Aug 06, 2018","85.77","85.19","86.10","84.90","5.70M","0.68%"
"Aug 03, 2018","85.19","85.99","86.20","84.15","6.22M","-0.40%"
"Aug 02, 2018","85.53","82.95","85.59","82.85","8.33M","2.48%"
"Aug 01, 2018","83.46","82.24","83.98","82.01","11.16M","1.61%"
"Jul 31, 2018","82.14","82.51","83.32","81.30","13.46M","-0.30%"
"Jul 30, 2018","82.39","85.50","85.50","81.85","13.50M","-3.59%"
"Jul 27, 2018","85.46","89.50","90.28","84.75","14.90M","-4.13%"
"Jul 26, 2018","89.14","88.51","90.68","87.25","14.51M","-2.44%"
"Jul 25, 2018","91.37","91.13","92.35","91.01","12.05M","-0.04%"
"Jul 24, 2018","91.41","90.60","92.35","90.41","13.37M","2.43%"
"Jul 23, 2018","89.24","87.14","89.60","85.82","11.76M","2.02%"
"Jul 20, 2018","87.47","87.32","88.00","87.14","7.55M","0.10%"
"Jul 19, 2018","87.38","88.00","88.59","87.16","5.61M","-0.95%"
"Jul 18, 2018","88.22","88.70","88.93","87.68","4.80M","-0.41%"
"Jul 17, 2018","88.58","87.25","88.72","86.59","5.09M","0.92%"
"Jul 16, 2018","87.77","88.26","88.34","87.48","4.45M","-0.25%"
"Jul 13, 2018","87.99","89.00","89.10","86.83","6.11M","-1.28%"
"Jul 12, 2018","89.13","87.20","89.19","86.80","6.91M","3.34%"
"Jul 11, 2018","86.25","85.47","86.86","85.07","4.15M","0.09%"
"Jul 10, 2018","86.17","86.72","86.72","85.77","3.72M","-0.07%"
"Jul 09, 2018","86.23","86.60","86.90","85.35","5.68M","0.34%"
"Jul 06, 2018","85.94","84.41","86.00","83.94","5.10M","1.60%"
"Jul 05, 2018","84.59","83.64","84.64","83.30","5.29M","1.59%"
"Jul 03, 2018","83.27","84.36","84.90","83.15","3.64M","-0.74%"
"Jul 02, 2018","83.89","82.75","83.96","82.06","4.93M","0.74%"
"Jun 29, 2018","83.27","82.75","83.66","82.61","6.82M","0.96%"
"Jun 28, 2018","82.48","80.39","82.83","80.16","7.37M","2.24%"
"Jun 27, 2018","80.67","82.55","82.97","80.45","8.97M","-2.00%"
"Jun 26, 2018","82.32","82.68","83.21","81.77","6.74M","0.16%"
"Jun 25, 2018","82.19","84.08","84.47","81.21","10.78M","-3.44%"
"Jun 22, 2018","85.12","86.32","86.56","84.61","7.50M","-0.99%"
"Jun 21, 2018","85.97","86.50","87.55","85.45","8.10M","0.02%"
"Jun 20, 2018","85.95","84.86","86.97","84.82","9.17M","1.69%"
"Jun 19, 2018","84.52","84.64","84.96","83.43","6.25M","-1.55%"
"Jun 18, 2018","85.85","84.84","86.20","84.44","5.58M","0.63%"
"Jun 15, 2018","85.31","85.33","85.69","84.10","8.71M","-0.35%"
"Jun 14, 2018","85.61","85.50","86.30","85.21","6.64M","0.40%"
"Jun 13, 2018","85.27","85.50","86.00","84.68","7.51M","0.29%"
"Jun 12, 2018","85.02","83.93","86.20","83.88","9.22M","1.35%"
"Jun 11, 2018","83.89","84.45","84.59","83.79","4.87M","-0.53%"
"Jun 08, 2018","84.34","83.23","84.49","83.15","7.43M","1.28%"
"Jun 07, 2018","83.27","85.21","85.30","82.31","7.84M","-2.28%"
"Jun 06, 2018","85.21","85.05","85.61","84.50","7.87M","0.19%"
"Jun 05, 2018","85.05","84.50","85.20","84.01","9.03M","0.57%"
"Jun 04, 2018","84.57","83.23","84.80","82.77","7.42M","1.59%"
"Jun 01, 2018","83.25","82.55","83.46","81.85","7.09M","1.44%"
"May 31, 2018","82.07","81.81","82.83","81.55","8.25M","0.58%"
"May 30, 2018","81.60","81.16","82.06","80.90","5.52M","1.08%"
"May 29, 2018","80.73","80.71","81.34","80.20","6.92M","-0.28%"
"May 25, 2018","80.96","82.65","82.72","80.49","9.47M","-0.72%"
"May 24, 2018","81.55","80.91","83.06","79.66","11.70M","0.58%"
"May 23, 2018","81.08","79.66","81.12","79.41","5.06M","0.57%"
"May 22, 2018","80.62","81.39","81.61","80.28","5.19M","-0.78%"
"May 21, 2018","81.25","81.61","82.32","80.37","7.88M","0.57%"
"May 18, 2018","80.79","79.90","81.94","79.82","14.63M","2.02%"
"May 17, 2018","79.19","77.63","81.16","77.59","8.33M","1.76%"
"May 16, 2018","77.82","77.50","78.54","77.28","5.35M","0.04%"
"May 15, 2018","77.79","77.85","78.20","76.93","6.17M","-1.29%"
"May 14, 2018","78.81","79.14","79.65","78.44","5.82M","-0.49%"
"May 11, 2018","79.20","79.25","79.39","78.08","9.87M","0.01%"
"May 10, 2018","79.19","77.39","79.25","77.25","11.54M","2.83%"
"May 09, 2018","77.01","76.08","77.05","75.46","6.23M","1.70%"
"May 08, 2018","75.72","74.62","75.94","74.44","6.27M","1.41%"
"May 07, 2018","74.67","74.22","75.12","74.10","7.58M","0.92%"
"May 04, 2018","73.99","73.19","74.44","72.23","7.47M","0.74%"
"May 03, 2018","73.45","71.30","73.77","70.22","17.31M","2.40%"
"May 02, 2018","71.73","75.00","75.71","71.21","17.71M","-4.12%"
"May 01, 2018","74.81","74.15","74.99","73.60","5.66M","0.27%"
"Apr 30, 2018","74.61","74.00","75.02","73.69","9.44M","0.65%"
"Apr 27, 2018","74.13","76.21","76.39","73.64","9.79M","-2.50%"
"Apr 26, 2018","76.03","76.32","77.62","75.49","13.63M","2.74%"
"Apr 25, 2018","74.00","75.39","75.58","73.70","10.94M","-1.70%"
"Apr 24, 2018","75.28","78.90","79.40","75.08","9.19M","-3.75%"
"Apr 23, 2018","78.21","78.86","79.45","77.99","4.04M","-0.66%"
"Apr 20, 2018","78.73","79.22","79.87","78.30","6.27M","-1.19%"
"Apr 19, 2018","79.68","80.20","80.39","79.19","7.12M","-0.82%"
"Apr 18, 2018","80.34","80.10","80.89","79.32","5.94M","0.39%"
"Apr 17, 2018","80.03","78.55","80.43","78.50","7.14M","2.87%"
"Apr 16, 2018","77.80","77.88","78.50","77.19","5.10M","0.69%"
"Apr 13, 2018","77.27","78.00","78.63","76.83","5.91M","-0.25%"
"Apr 12, 2018","77.46","76.80","77.99","76.61","5.03M","1.25%"
"Apr 11, 2018","76.50","76.20","77.40","76.08","4.58M","-0.38%"
"Apr 10, 2018","76.79","76.51","77.31","75.80","6.22M","2.13%"
"Apr 09, 2018","75.19","74.60","76.88","74.60","7.33M","1.80%"
"Apr 06, 2018","73.86","75.52","76.40","73.70","8.18M","-4.02%"
"Apr 05, 2018","76.95","75.59","77.82","75.48","10.02M","2.90%"
"Apr 04, 2018","74.78","73.00","75.06","72.52","8.23M","0.30%"
"Apr 03, 2018","74.56","75.28","75.41","73.35","8.89M","-0.59%"
"Apr 02, 2018","75.00","75.23","76.30","74.01","11.42M","-1.15%"
"Mar 29, 2018","75.87","75.31","77.20","74.55","11.06M","1.08%"
"Mar 28, 2018","75.06","75.70","76.75","74.74","14.37M","-1.64%"
"Mar 27, 2018","76.31","79.59","79.90","75.65","7.98M","-3.34%"
"Mar 26, 2018","78.95","77.98","79.17","77.03","8.68M","3.28%"
"Mar 23, 2018","76.44","78.50","79.06","76.35","9.57M","-2.70%"
"Mar 22, 2018","78.56","79.81","80.12","78.46","9.61M","-3.06%"
"Mar 21, 2018","81.04","80.94","82.35","80.51","6.76M","0.22%"
"Mar 20, 2018","80.86","80.18","81.19","80.05","7.39M","0.70%"
"Mar 19, 2018","80.30","80.89","81.44","79.11","9.03M","-2.26%"
"Mar 16, 2018","82.16","82.80","83.23","81.27","8.36M","-0.50%"
"Mar 15, 2018","82.57","83.75","83.99","81.57","9.85M","-0.89%"
"Mar 14, 2018","83.31","80.74","83.50","80.64","14.28M","3.88%"
"Mar 13, 2018","80.20","80.69","80.99","79.27","6.41M","-0.50%"
"Mar 12, 2018","80.60","80.75","81.17","80.35","6.61M","-0.14%"
"Mar 09, 2018","80.71","80.26","80.85","80.11","7.67M","1.05%"
"Mar 08, 2018","79.87","79.85","80.49","79.53","6.88M","0.44%"
"Mar 07, 2018","79.52","78.65","79.56","78.01","5.55M","0.37%"
"Mar 06, 2018","79.23","79.33","79.95","78.85","7.48M","0.20%"
"Mar 05, 2018","79.07","78.07","79.42","77.09","6.65M","0.25%"
"Mar 02, 2018","78.87","77.52","79.11","76.93","9.43M","0.29%"
"Mar 01, 2018","78.64","79.60","80.44","77.88","8.44M","-0.97%"
"Feb 28, 2018","79.41","79.90","82.17","79.39","10.80M","-0.06%"
"Feb 27, 2018","79.46","79.11","79.93","78.61","8.86M","0.14%"
"Feb 26, 2018","79.35","80.00","80.05","78.98","7.13M","-0.43%"
"Feb 23, 2018","79.69","78.26","79.70","77.39","7.52M","2.56%"
"Feb 22, 2018","77.70","76.80","78.37","76.77","6.63M","1.56%"
"Feb 21, 2018","76.51","77.20","78.50","76.47","8.26M","-0.71%"
"Feb 20, 2018","77.06","77.70","78.54","76.66","6.88M","-1.67%"
"Feb 16, 2018","78.37","78.20","78.75","77.53","9.76M","0.09%"
"Feb 15, 2018","78.30","78.01","78.30","76.58","9.31M","1.33%"
"Feb 14, 2018","77.27","74.18","77.36","74.13","8.96M","3.07%"
"Feb 13, 2018","74.97","74.81","75.60","74.55","7.74M","-0.41%"
"Feb 12, 2018","75.28","75.49","76.28","74.85","10.42M","0.71%"
"Feb 09, 2018","74.75","73.14","75.27","71.63","14.34M","3.36%"
"Feb 08, 2018","72.32","75.63","75.91","72.27","13.67M","-4.33%"
"Feb 07, 2018","75.59","75.35","77.58","74.94","11.99M","-0.12%"
"Feb 06, 2018","75.68","72.63","76.52","72.25","19.74M","1.31%"
"Feb 05, 2018","74.70","75.95","78.98","74.68","18.81M","-2.44%"
"Feb 02, 2018","76.57","78.10","79.62","76.28","21.98M","-2.33%"
"Feb 01, 2018","78.40","79.95","80.95","76.70","44.27M","-8.11%"
"Jan 31, 2018","85.32","84.18","86.32","84.16","15.22M","1.84%"
"Jan 30, 2018","83.78","83.00","84.17","82.00","7.86M","-0.63%"
"Jan 29, 2018","84.31","85.20","85.35","83.62","8.20M","-1.33%"
"Jan 26, 2018","85.45","84.46","85.49","84.04","7.84M","1.32%"
"Jan 25, 2018","84.34","84.00","85.27","83.71","7.27M","0.75%"
"Jan 24, 2018","83.71","84.52","85.29","82.71","8.74M","-0.59%"
"Jan 23, 2018","84.21","84.12","84.55","83.45","9.74M","0.27%"
"Jan 22, 2018","83.98","84.00","84.21","83.22","7.56M","0.17%"
"Jan 19, 2018","83.84","83.23","84.19","83.13","8.78M","1.09%"
"Jan 18, 2018","82.94","82.43","83.44","81.61","7.40M","0.57%"
"Jan 17, 2018","82.47","80.40","82.61","79.96","7.15M","2.55%"
"Jan 16, 2018","80.42","80.95","81.80","79.94","9.60M","-0.15%"
"Jan 12, 2018","80.54","80.00","80.77","79.66","6.89M","0.99%"
"Jan 11, 2018","79.75","79.45","79.87","78.91","6.27M","0.48%"
"Jan 10, 2018","79.37","78.50","79.48","77.70","6.25M","0.23%"
"Jan 09, 2018","79.19","80.10","80.39","78.52","9.62M","0.18%"
"Jan 08, 2018","79.05","78.70","79.18","77.77","7.96M","0.44%"
"Jan 05, 2018","78.70","77.11","78.93","77.01","11.82M","2.57%"
"Jan 04, 2018","76.73","77.33","77.93","76.26","8.65M","-0.03%"
"Jan 03, 2018","76.75","74.30","76.85","74.05","9.95M","3.94%"
"Jan 02, 2018","73.84","74.23","74.50","73.43","7.30M","0.30%"
"Dec 29, 2017","73.62","73.92","74.53","73.58","4.50M","-0.74%"
"Dec 28, 2017","74.17","74.96","75.00","73.86","3.81M","-0.56%"
"Dec 27, 2017","74.59","74.25","74.93","74.00","4.46M","0.43%"
"Dec 26, 2017","74.27","73.29","74.34","72.63","4.92M","0.51%"
"Dec 22, 2017","73.89","73.80","74.04","72.90","3.89M","-0.18%"
"Dec 21, 2017","74.02","74.19","74.47","73.80","4.76M","0.03%"
"Dec 20, 2017","74.00","74.64","74.90","73.76","6.12M","-0.67%"
"Dec 19, 2017","74.50","75.39","75.39","73.91","7.75M","-1.09%"
"Dec 18, 2017","75.32","76.30","76.35","75.20","8.36M","-0.44%"
"Dec 15, 2017","75.65","74.82","75.87","73.51","12.54M","1.87%"
"Dec 14, 2017","74.26","74.50","75.53","74.20","7.52M","0.23%"
"Dec 13, 2017","74.09","74.08","75.42","73.77","7.20M","0.64%"
"Dec 12, 2017","73.62","73.45","74.31","73.00","6.57M","0.45%"
"Dec 11, 2017","73.29","72.96","73.68","72.56","6.42M","0.52%"
"Dec 08, 2017","72.91","74.71","74.71","72.60","8.35M","-1.06%"
"Dec 07, 2017","73.69","73.25","74.07","73.25","7.94M","0.75%"
"Dec 06, 2017","73.14","70.89","73.20","70.83","9.33M","2.72%"
"Dec 05, 2017","71.20","69.81","72.75","69.61","16.63M","0.32%"
"Dec 04, 2017","70.97","75.59","75.74","68.61","26.28M","-5.75%"
"Dec 01, 2017","75.30","75.22","76.44","74.26","13.39M","-0.57%"
"Nov 30, 2017","75.73","73.77","75.87","73.54","15.96M","3.39%"
"Nov 29, 2017","73.25","77.95","77.98","71.67","25.20M","-5.84%"
"Nov 28, 2017","77.79","77.95","78.23","77.24","8.74M","-0.06%"
"Nov 27, 2017","77.84","78.63","79.39","77.71","6.78M","-0.93%"
"Nov 24, 2017","78.57","77.81","78.90","77.70","4.31M","1.29%"
"Nov 22, 2017","77.57","77.90","77.99","76.62","8.07M","-0.26%"
"Nov 21, 2017","77.77","77.09","78.43","76.85","10.60M","2.32%"
"Nov 20, 2017","76.01","76.60","77.32","75.88","6.84M","-0.48%"
"Nov 17, 2017","76.38","78.01","78.01","75.80","11.89M","-1.70%"
"Nov 16, 2017","77.70","75.50","77.94","75.28","12.86M","5.82%"
"Nov 15, 2017","73.43","74.30","74.40","73.19","6.23M","-1.42%"
"Nov 14, 2017","74.49","74.10","74.82","73.62","6.28M","0.62%"
"Nov 13, 2017","74.03","73.61","74.29","73.34","6.19M","0.05%"
"Nov 10, 2017","73.99","73.77","74.14","73.56","5.71M","-0.15%"
"Nov 09, 2017","74.10","74.02","74.20","72.41","8.88M","-0.90%"
"Nov 08, 2017","74.77","74.00","75.00","73.31","7.59M","0.48%"
"Nov 07, 2017","74.41","75.17","75.45","74.19","7.03M","-0.44%"
"Nov 06, 2017","74.74","73.72","74.76","73.42","10.16M","1.84%"
"Nov 03, 2017","73.39","72.37","73.41","71.94","6.73M","1.58%"
"Nov 02, 2017","72.25","72.46","72.78","72.01","4.54M","-0.18%"
"Nov 01, 2017","72.38","72.78","72.99","71.69","6.66M","-0.25%"
"Oct 31, 2017","72.56","71.34","72.74","71.11","7.56M","1.98%"
"Oct 30, 2017","71.15","71.45","71.54","70.53","7.22M","0.13%"
"Oct 27, 2017","71.06","71.72","71.79","70.58","9.26M","-0.39%"
"Oct 26, 2017","71.34","71.46","72.07","71.04","8.02M","0.45%"
"Oct 25, 2017","71.02","69.94","71.42","69.85","12.76M","1.15%"
"Oct 24, 2017","70.21","69.73","70.56","69.67","12.28M","0.59%"
"Oct 23, 2017","69.80","71.02","71.33","69.55","12.23M","-1.65%"
"Oct 20, 2017","70.97","71.33","71.73","69.69","34.28M","5.53%"
"Oct 19, 2017","67.25","67.30","67.45","66.16","14.55M","-0.01%"
"Oct 18, 2017","67.26","67.40","67.50","67.00","8.08M","0.88%"
"Oct 17, 2017","66.67","67.65","67.67","66.35","10.84M","-0.95%"
"Oct 16, 2017","67.31","69.04","69.20","67.28","9.58M","-1.97%"
"Oct 13, 2017","68.66","69.49","69.61","68.00","8.64M","-0.29%"
"Oct 12, 2017","68.86","68.02","68.98","67.80","8.89M","1.59%"
"Oct 11, 2017","67.78","67.25","68.42","66.98","12.01M","2.63%"
"Oct 10, 2017","66.04","66.60","66.67","65.79","5.83M","-0.29%"
"Oct 09, 2017","66.23","66.20","66.55","65.90","5.52M","0.27%"
"Oct 06, 2017","66.05","66.00","66.41","65.79","6.12M","0.35%"
"Oct 05, 2017","65.82","64.38","66.00","64.22","7.45M","2.83%"
"Oct 04, 2017","64.01","64.30","64.30","63.69","4.44M","-0.33%"
"Oct 03, 2017","64.22","64.51","64.51","63.76","5.63M","0.06%"
"Oct 02, 2017","64.18","64.50","65.12","64.10","5.16M","0.23%"
"Sep 29, 2017","64.03","63.86","64.17","63.50","6.89M","0.16%"
"Sep 28, 2017","63.93","63.62","64.06","63.11","4.15M","0.95%"
"Sep 27, 2017","63.33","63.41","63.75","63.16","7.38M","0.62%"
"Sep 26, 2017","62.94","63.71","63.76","62.84","8.55M","-0.88%"
"Sep 25, 2017","63.50","65.00","65.00","62.37","13.16M","-2.43%"
"Sep 22, 2017","65.08","64.33","65.24","64.11","6.74M","0.70%"
"Sep 21, 2017","64.63","64.67","64.95","63.91","6.73M","-0.17%"
"Sep 20, 2017","64.74","63.99","64.87","63.83","11.90M","1.43%"
"Sep 19, 2017","63.83","63.01","63.92","62.96","7.77M","1.45%"
"Sep 18, 2017","62.92","62.62","63.53","62.52","7.69M","0.67%"
"Sep 15, 2017","62.50","62.27","62.80","61.96","9.94M","0.42%"
"Sep 14, 2017","62.24","62.04","62.37","61.71","5.70M","0.32%"
"Sep 13, 2017","62.04","62.47","62.75","61.58","6.38M","-0.83%"
"Sep 12, 2017","62.56","62.95","63.12","62.15","6.28M","-0.13%"
"Sep 11, 2017","62.64","61.73","63.26","61.62","8.27M","2.47%"
"Sep 08, 2017","61.13","61.94","62.00","61.10","4.94M","-1.40%"
"Sep 07, 2017","62.00","61.33","62.13","61.28","5.02M","1.24%"
"Sep 06, 2017","61.24","61.74","61.99","60.90","5.35M","-0.05%"
"Sep 05, 2017","61.27","61.26","61.75","60.58","5.72M","-0.31%"
"Sep 01, 2017","61.46","61.98","62.23","61.38","3.44M","-0.36%"
"Aug 31, 2017","61.68","62.00","62.03","61.17","6.15M","-0.15%"
"Aug 30, 2017","61.77","61.05","61.86","60.89","5.70M","1.25%"
"Aug 29, 2017","61.01","59.82","61.16","59.63","4.36M","0.79%"
"Aug 28, 2017","60.53","60.31","60.53","59.81","4.66M","0.93%"
"Aug 25, 2017","59.97","60.33","60.58","59.61","4.09M","-0.05%"
"Aug 24, 2017","60.00","60.22","60.43","59.11","4.05M","-0.08%"
"Aug 23, 2017","60.05","60.30","60.51","59.82","4.53M","-1.30%"
"Aug 22, 2017","60.84","59.72","61.00","59.44","5.84M","2.42%"
"Aug 21, 2017","59.40","59.33","59.65","58.76","4.24M","-0.07%"
"Aug 18, 2017","59.44","59.36","59.82","58.94","4.65M","0.25%"
"Aug 17, 2017","59.29","60.15","60.28","59.29","6.74M","-1.66%"
"Aug 16, 2017","60.29","59.95","60.70","59.60","5.75M","1.01%"
"Aug 15, 2017","59.69","59.30","59.98","59.23","6.48M","1.07%"
"Aug 14, 2017","59.06","58.61","59.28","58.27","7.56M","1.76%"
"Aug 11, 2017","58.04","57.85","58.25","57.58","6.96M","0.03%"
"Aug 10, 2017","58.02","59.24","59.37","57.81","9.57M","-2.77%"
"Aug 09, 2017","59.67","58.97","59.73","58.59","6.02M","0.32%"
"Aug 08, 2017","59.48","59.61","59.88","59.25","6.00M","-0.23%"
"Aug 07, 2017","59.62","59.18","59.64","58.84","5.89M","1.29%"
"Aug 04, 2017","58.86","58.62","58.93","58.32","6.17M","0.75%"
"Aug 03, 2017","58.42","59.16","59.28","58.36","6.26M","-1.18%"
"Aug 02, 2017","59.12","59.67","59.71","58.44","6.52M","-0.37%"
"Aug 01, 2017","59.34","59.00","59.39","58.79","9.08M","1.35%"
"Jul 31, 2017","58.55","59.37","59.64","58.52","7.40M","-1.10%"
"Jul 28, 2017","59.20","59.80","60.71","59.04","10.80M","-1.58%"
"Jul 27, 2017","60.15","61.00","61.30","57.69","22.71M","2.31%"
"Jul 26, 2017","58.79","58.48","58.94","57.90","13.62M","0.91%"
"Jul 25, 2017","58.26","58.73","58.83","58.19","8.51M","-0.55%"
"Jul 24, 2017","58.58","58.90","59.07","58.34","6.43M","-0.15%"
"Jul 21, 2017","58.67","59.00","59.33","58.59","7.55M","-0.71%"
"Jul 20, 2017","59.09","58.75","59.38","58.43","8.06M","1.27%"
"Jul 19, 2017","58.35","58.31","58.62","57.55","9.71M","-1.03%"
"Jul 18, 2017","58.96","57.50","58.96","57.31","9.48M","2.40%"
"Jul 17, 2017","57.58","57.53","57.60","57.02","5.80M","0.73%"
"Jul 14, 2017","57.16","58.14","58.63","56.91","11.78M","-1.28%"
"Jul 13, 2017","57.90","57.30","57.91","56.80","14.80M","2.39%"
"Jul 12, 2017","56.55","56.60","57.45","55.55","17.49M","3.27%"
"Jul 11, 2017","54.76","54.92","55.20","54.33","9.01M","-0.33%"
"Jul 10, 2017","54.94","54.91","55.42","54.70","10.47M","1.80%"
"Jul 07, 2017","53.97","53.70","54.48","53.52","4.95M","0.94%"
"Jul 06, 2017","53.47","54.22","54.35","53.15","7.45M","-2.09%"
"Jul 05, 2017","54.61","53.00","54.75","52.94","9.80M","3.29%"
"Jul 03, 2017","52.87","54.14","54.33","52.83","4.83M","-1.49%"
"Jun 30, 2017","53.67","53.60","54.25","53.29","8.23M","0.47%"
"Jun 29, 2017","53.42","53.81","54.10","52.52","11.62M","-1.78%"
"Jun 28, 2017","54.39","52.75","54.44","52.65","7.93M","3.15%"
"Jun 27, 2017","52.73","53.60","53.79","52.64","7.71M","-1.88%"
"Jun 26, 2017","53.74","54.44","55.10","53.65","4.89M","-1.09%"
"Jun 23, 2017","54.33","53.82","54.53","53.69","6.26M","0.85%"
"Jun 22, 2017","53.87","53.71","53.95","52.86","9.67M","0.62%"
"Jun 21, 2017","53.54","52.99","53.58","52.61","8.02M","1.94%"
"Jun 20, 2017","52.52","52.84","53.23","52.43","4.58M","-0.77%"
"Jun 19, 2017","52.93","52.28","53.00","52.11","5.64M","2.10%"
"Jun 16, 2017","51.84","52.04","52.16","51.58","10.93M","-0.86%"
"Jun 15, 2017","52.29","51.44","52.38","50.83","12.40M","0.75%"
"Jun 14, 2017","51.90","52.00","52.51","51.53","7.13M","-0.31%"
"Jun 13, 2017","52.06","52.29","52.48","51.70","10.41M","-0.19%"
"Jun 12, 2017","52.16","52.81","52.90","51.43","15.77M","-2.32%"
"Jun 09, 2017","53.40","54.65","55.14","52.85","11.17M","-1.82%"
"Jun 08, 2017","54.39","54.03","54.43","53.45","6.37M","1.00%"
"Jun 07, 2017","53.85","53.30","53.94","53.26","6.37M","0.84%"
"Jun 06, 2017","53.40","53.75","53.80","53.16","6.31M","-0.74%"
"Jun 05, 2017","53.80","53.77","54.07","53.59","9.66M","0.52%"
"Jun 02, 2017","53.52","53.44","53.64","53.08","9.12M","0.68%"
"Jun 01, 2017","53.16","52.48","53.39","52.48","13.90M","1.82%"
"May 31, 2017","52.21","51.13","52.24","50.88","11.11M","2.25%"
"May 30, 2017","51.06","50.96","51.28","50.86","5.55M","-0.25%"
"May 26, 2017","51.19","51.04","51.39","50.89","4.78M","0.51%"
"May 25, 2017","50.93","50.77","51.13","50.64","4.95M","-0.24%"
"May 24, 2017","51.05","50.23","51.08","50.14","6.31M","1.84%"
"May 23, 2017","50.13","49.90","50.18","49.77","7.13M","0.72%"
"May 22, 2017","49.77","49.45","49.88","49.35","13.14M","0.77%"
"May 19, 2017","49.39","49.15","49.71","49.06","7.81M","0.57%"
"May 18, 2017","49.11","49.03","49.58","48.89","9.93M","0.12%"
"May 17, 2017","49.05","49.87","50.10","49.02","6.60M","-2.56%"
"May 16, 2017","50.34","49.63","50.35","49.57","5.35M","1.15%"
"May 15, 2017","49.77","49.31","50.00","49.25","4.71M","0.81%"
"May 12, 2017","49.37","49.58","49.75","49.24","4.93M","-0.66%"
"May 11, 2017","49.70","49.63","49.71","49.11","5.55M","-0.18%"
"May 10, 2017","49.79","49.18","49.80","49.02","6.51M","1.16%"
"May 09, 2017","49.22","49.06","49.37","48.90","4.77M","0.10%"
"May 08, 2017","49.17","49.43","49.45","48.81","6.64M","-0.26%"
"May 05, 2017","49.30","48.62","49.44","48.40","4.88M","0.80%"
"May 04, 2017","48.91","48.93","49.38","48.82","7.15M","-0.22%"
"May 03, 2017","49.02","49.16","49.29","48.62","11.61M","-0.06%"
"May 02, 2017","49.05","47.41","49.07","47.40","16.82M","3.18%"
"May 01, 2017","47.54","47.39","47.71","47.32","14.54M","-0.38%"
"Apr 28, 2017","47.72","47.03","47.76","46.87","11.64M","1.21%"
"Apr 27, 2017","47.15","47.25","48.10","46.75","34.42M","6.17%"
"Apr 26, 2017","44.41","45.04","45.04","44.25","9.85M","-0.67%"
"Apr 25, 2017","44.71","44.49","45.01","44.35","7.83M","0.99%"
"Apr 24, 2017","44.27","44.09","44.28","43.95","4.64M","1.05%"
"Apr 21, 2017","43.81","43.86","44.00","43.60","8.02M","0.27%"
"Apr 20, 2017","43.69","43.32","43.80","43.26","4.81M","0.90%"
"Apr 19, 2017","43.30","43.03","43.47","42.90","4.91M","0.49%"
"Apr 18, 2017","43.09","43.20","43.20","42.86","3.71M","-0.02%"
"Apr 17, 2017","43.10","42.60","43.14","42.60","3.15M","1.29%"
"Apr 13, 2017","42.55","42.50","42.89","42.32","3.63M","0.14%"
"Apr 12, 2017","42.49","42.10","42.81","42.06","5.80M","-0.47%"
"Apr 11, 2017","42.69","42.99","43.09","42.61","4.86M","-0.84%"
"Apr 10, 2017","43.05","43.07","43.55","43.01","4.58M","0.02%"
"Apr 07, 2017","43.04","42.89","43.17","42.71","4.86M","0.33%"
"Apr 06, 2017","42.90","42.90","43.00","42.72","5.40M","0.02%"
"Apr 05, 2017","42.89","42.83","43.34","42.74","5.29M","0.40%"
"Apr 04, 2017","42.72","42.74","42.74","42.26","4.68M","0.21%"
"Apr 03, 2017","42.63","43.20","43.30","42.51","7.77M","-0.91%"
"Mar 31, 2017","43.02","43.44","43.48","43.01","5.18M","-1.19%"
"Mar 30, 2017","43.54","43.15","43.80","43.00","5.69M","0.69%"
"Mar 29, 2017","43.24","43.15","43.30","42.96","3.95M","0.21%"
"Mar 28, 2017","43.15","42.87","43.25","42.84","4.40M","0.16%"
"Mar 27, 2017","43.08","42.69","43.20","42.58","3.85M","-0.12%"
"Mar 24, 2017","43.13","43.48","43.49","42.94","5.74M","-0.02%"
"Mar 23, 2017","43.14","43.13","43.61","43.00","7.18M","-0.12%"
"Mar 22, 2017","43.19","42.59","43.24","42.45","6.51M","1.29%"
"Mar 21, 2017","42.64","43.33","43.40","42.46","7.84M","-1.20%"
"Mar 20, 2017","43.16","43.10","43.32","42.81","6.69M","0.19%"
"Mar 17, 2017","43.08","42.57","43.30","42.37","12.31M","1.60%"
"Mar 16, 2017","42.40","42.50","42.58","42.14","4.00M","0.02%"
"Mar 15, 2017","42.39","42.29","42.57","41.89","4.29M","0.69%"
"Mar 14, 2017","42.10","42.51","42.64","41.74","5.89M","-1.15%"
"Mar 13, 2017","42.59","42.87","42.97","42.45","5.53M","-0.93%"
"Mar 10, 2017","42.99","43.19","43.28","42.76","4.64M","0.16%"
"Mar 09, 2017","42.92","42.66","43.00","42.45","3.49M","0.30%"
"Mar 08, 2017","42.79","42.84","43.18","42.72","4.57M","-0.23%"
"Mar 07, 2017","42.89","42.80","43.20","42.71","4.40M","0.05%"
"Mar 06, 2017","42.87","42.98","43.03","42.63","6.03M","-0.37%"
"Mar 03, 2017","43.03","42.70","43.04","42.58","4.21M","0.61%"
"Mar 02, 2017","42.77","42.40","42.86","42.20","4.57M","0.80%"
"Mar 01, 2017","42.43","42.31","42.52","41.99","6.00M","1.02%"
"Feb 28, 2017","42.00","42.49","42.49","41.99","6.96M","-1.50%"
"Feb 27, 2017","42.64","42.89","42.89","42.35","5.03M","-1.00%"
"Feb 24, 2017","43.07","42.11","43.07","41.83","6.77M","1.27%"
"Feb 23, 2017","42.53","42.37","42.67","42.16","5.46M","0.26%"
"Feb 22, 2017","42.42","42.30","42.53","42.12","4.32M","-0.02%"
"Feb 21, 2017","42.43","41.93","42.56","41.90","5.87M","1.12%"
"Feb 17, 2017","41.96","41.92","42.30","41.80","5.11M","-0.45%"
"Feb 16, 2017","42.15","41.87","42.31","41.70","5.73M","0.67%"
"Feb 15, 2017","41.87","41.69","41.93","41.27","7.12M","0.60%"
"Feb 14, 2017","41.62","41.18","41.63","40.94","6.50M","1.09%"
"Feb 13, 2017","41.17","40.83","41.30","40.74","6.26M","1.45%"
"Feb 10, 2017","40.58","40.82","40.86","40.56","6.25M","-0.61%"
"Feb 09, 2017","40.83","40.44","40.99","40.30","6.47M","-0.12%"
"Feb 08, 2017","40.88","40.18","40.99","39.92","7.40M","2.15%"
"Feb 07, 2017","40.02","40.01","40.34","39.70","7.96M","0.70%"
"Feb 06, 2017","39.74","39.64","39.83","39.34","8.21M","0.38%"
"Feb 03, 2017","39.59","39.79","39.93","39.55","7.13M","0.03%"
"Feb 02, 2017","39.58","39.40","39.84","39.02","8.74M","0.69%"
"Feb 01, 2017","39.31","39.96","40.00","39.11","8.86M","-1.18%"
"Jan 31, 2017","39.78","39.70","40.01","39.45","9.10M","-0.20%"
"Jan 30, 2017","39.86","40.17","40.27","39.42","11.49M","-1.02%"
"Jan 27, 2017","40.27","41.00","41.20","39.92","22.75M","-2.96%"
"Jan 26, 2017","41.50","42.36","42.50","41.28","11.84M","-0.50%"
"Jan 25, 2017","41.71","42.36","42.44","41.66","9.25M","-0.60%"
"Jan 24, 2017","41.96","41.95","42.04","41.53","6.11M","0.82%"
"Jan 23, 2017","41.62","41.86","42.11","41.25","8.50M","-0.17%"
"Jan 20, 2017","41.69","41.39","41.72","41.30","6.87M","1.02%"
"Jan 19, 2017","41.27","41.25","41.68","41.03","4.72M","-0.19%"
"Jan 18, 2017","41.35","41.41","41.49","41.11","4.71M","0.19%"
"Jan 17, 2017","41.27","41.60","41.71","41.20","5.93M","-0.79%"
"Jan 13, 2017","41.60","41.65","41.84","41.53","3.92M","0.10%"
"Jan 12, 2017","41.56","41.28","41.61","40.92","3.84M","0.68%"
"Jan 11, 2017","41.28","41.23","41.38","40.84","4.43M","0.49%"
"Jan 10, 2017","41.08","41.40","41.55","41.07","4.17M","-0.77%"
"Jan 09, 2017","41.40","41.49","41.51","41.11","3.94M","-0.12%"
"Jan 06, 2017","41.45","41.24","41.64","40.79","5.59M","0.95%"
"Jan 05, 2017","41.06","41.43","41.72","41.04","6.43M","0.15%"
"Jan 04, 2017","41.00","40.35","41.03","40.05","6.81M","1.86%"
"Jan 03, 2017","40.25","40.29","40.98","40.00","8.25M","1.98%"
"Dec 30, 2016","39.47","39.96","40.07","39.34","5.01M","-1.23%"
"Dec 29, 2016","39.96","39.54","40.17","39.54","3.71M","0.99%"
"Dec 28, 2016","39.57","39.76","40.03","39.53","3.29M","-0.38%"
"Dec 27, 2016","39.72","39.50","40.08","39.43","2.66M","0.35%"
"Dec 23, 2016","39.58","39.82","39.87","39.48","3.38M","-0.25%"
"Dec 22, 2016","39.68","40.04","40.09","39.54","5.06M","-1.02%"
"Dec 21, 2016","40.09","39.84","40.74","39.82","6.77M","0.88%"
"Dec 20, 2016","39.74","39.61","39.74","39.26","3.64M","0.76%"
"Dec 19, 2016","39.44","39.40","39.80","39.11","4.27M","0.31%"
"Dec 16, 2016","39.32","39.90","39.90","39.12","9.79M","-0.56%"
"Dec 15, 2016","39.54","39.80","40.29","39.35","6.42M","-0.03%"
"Dec 14, 2016","39.55","39.46","39.89","39.46","4.66M","0.30%"
"Dec 13, 2016","39.43","39.55","39.74","39.39","6.39M","0.00%"
"Dec 12, 2016","39.43","39.60","39.90","39.35","4.47M","-0.55%"
"Dec 09, 2016","39.65","39.70","39.79","39.38","3.92M","0.10%"
"Dec 08, 2016","39.61","39.68","40.00","39.45","6.10M","0.41%"
"Dec 07, 2016","39.45","39.08","39.46","38.80","7.01M","1.21%"
"Dec 06, 2016","38.98","39.23","39.26","38.71","5.95M","-0.03%"
"Dec 05, 2016","38.99","38.85","39.34","38.65","5.05M","0.96%"
"Dec 02, 2016","38.62","38.34","38.75","38.06","6.34M","0.73%"
"Dec 01, 2016","38.34","39.56","39.68","38.18","11.27M","-2.39%"
"Nov 30, 2016","39.28","40.10","40.18","39.18","8.42M","-1.53%"
"Nov 29, 2016","39.89","40.07","40.36","39.79","5.08M","-0.18%"
"Nov 28, 2016","39.96","40.26","40.49","39.92","4.17M","-0.75%"
"Nov 25, 2016","40.26","40.40","40.56","39.99","2.32M","0.52%"
"Nov 23, 2016","40.05","40.31","40.43","39.85","5.77M","-0.69%"
"Nov 22, 2016","40.33","40.99","41.10","39.95","7.73M","-0.74%"
"Nov 21, 2016","40.63","40.12","40.77","40.12","6.67M","1.37%"
"Nov 18, 2016","40.08","40.08","40.57","39.91","9.52M","0.50%"
"Nov 17, 2016","39.88","39.12","40.05","38.95","9.76M","2.07%"
"Nov 16, 2016","39.07","39.05","39.21","38.71","12.73M","0.33%"
"Nov 15, 2016","38.94","39.04","39.48","38.90","16.04M","0.33%"
"Nov 14, 2016","38.81","40.40","40.40","38.45","17.88M","-3.17%"
"Nov 11, 2016","40.08","40.77","40.77","39.80","10.78M","-0.91%"
"Nov 10, 2016","40.45","41.90","41.90","39.58","12.10M","-1.96%"
"Nov 09, 2016","41.26","40.60","41.47","40.58","9.74M","-0.77%"
"Nov 08, 2016","41.58","41.42","42.15","41.09","6.97M","0.73%"
"Nov 07, 2016","41.28","41.52","41.65","41.06","7.90M","0.93%"
"Nov 04, 2016","40.90","40.30","41.48","40.30","6.54M","-0.70%"
"Nov 03, 2016","41.19","41.32","41.50","40.92","6.24M","-0.39%"
"Nov 02, 2016","41.35","41.43","41.57","41.08","7.95M","-0.46%"
"Nov 01, 2016","41.54","41.68","42.30","41.29","9.40M","-0.29%"
"Oct 31, 2016","41.66","41.78","42.00","41.36","7.16M","-0.24%"
"Oct 28, 2016","41.76","41.98","41.98","41.07","11.98M","0.17%"
"Oct 27, 2016","41.69","42.55","42.57","41.62","9.45M","-1.51%"
"Oct 26, 2016","42.33","43.00","43.21","42.31","10.92M","-2.26%"
"Oct 25, 2016","43.31","43.66","44.07","43.00","9.46M","-1.28%"
"Oct 24, 2016","43.87","44.00","44.52","43.14","19.08M","-0.63%"
"Oct 21, 2016","44.15","41.85","44.24","41.84","37.55M","10.13%"
"Oct 20, 2016","40.09","40.23","40.29","39.82","13.34M","-0.37%"
"Oct 19, 2016","40.24","39.97","40.47","39.84","6.59M","1.03%"
"Oct 18, 2016","39.83","40.00","40.18","39.78","5.48M","0.89%"
"Oct 17, 2016","39.48","39.24","39.62","39.16","5.28M","0.61%"
"Oct 14, 2016","39.24","39.46","39.89","39.23","6.65M","0.10%"
"Oct 13, 2016","39.20","39.39","39.40","38.75","7.87M","-0.83%"
"Oct 12, 2016","39.53","39.77","39.80","39.30","7.04M","0.87%"
"Oct 11, 2016","39.19","40.03","40.11","38.96","9.96M","-1.68%"
"Oct 10, 2016","39.86","40.13","40.17","39.59","6.64M","-0.05%"
"Oct 07, 2016","39.88","40.42","40.42","39.62","6.11M","-0.75%"
"Oct 06, 2016","40.18","40.32","40.39","39.86","6.31M","-0.64%"
"Oct 05, 2016","40.44","40.95","40.95","40.40","6.13M","-0.83%"
"Oct 04, 2016","40.78","41.30","41.30","40.44","5.05M","0.47%"
"Oct 03, 2016","40.59","40.87","41.20","40.16","6.92M","-0.93%"
"Sep 30, 2016","40.97","40.29","41.05","40.27","8.69M","1.44%"
"Sep 29, 2016","40.39","40.91","41.30","40.36","7.95M","-1.42%"
"Sep 28, 2016","40.97","41.15","41.19","40.21","6.75M","-0.22%"
"Sep 27, 2016","41.06","40.04","41.23","39.49","8.67M","1.78%"
"Sep 26, 2016","40.34","39.38","40.51","39.38","9.05M","0.67%"
"Sep 23, 2016","40.07","39.60","40.49","39.60","6.23M","-1.04%"
"Sep 22, 2016","40.49","40.42","40.66","40.14","5.69M","0.50%"
"Sep 21, 2016","40.29","39.86","40.39","39.70","5.38M","1.51%"
"Sep 20, 2016","39.69","40.30","40.30","39.67","5.56M","-0.80%"
"Sep 19, 2016","40.01","40.24","40.46","39.75","7.57M","-1.70%"
"Sep 16, 2016","40.70","40.71","40.88","40.32","11.91M","-0.32%"
"Sep 15, 2016","40.83","40.31","41.14","39.87","12.72M","2.18%"
"Sep 14, 2016","39.96","39.99","40.28","39.53","13.06M","0.25%"
"Sep 13, 2016","39.86","38.62","40.33","38.41","17.92M","2.81%"
"Sep 12, 2016","38.77","37.65","38.84","37.54","8.64M","2.00%"
"Sep 09, 2016","38.01","38.75","39.02","37.91","10.75M","-3.21%"
"Sep 08, 2016","39.27","38.65","39.33","38.50","12.04M","1.84%"
"Sep 07, 2016","38.56","37.33","38.58","37.26","10.82M","3.71%"
"Sep 06, 2016","37.18","37.05","37.65","37.02","6.42M","0.30%"
"Sep 02, 2016","37.07","37.01","37.12","36.30","6.73M","0.65%"
"Sep 01, 2016","36.83","37.27","37.32","36.58","10.41M","-0.86%"
"Aug 31, 2016","37.15","37.00","37.24","36.84","7.17M","0.41%"
"Aug 30, 2016","37.00","37.26","37.52","36.98","6.87M","-0.78%"
"Aug 29, 2016","37.29","37.61","37.65","37.27","4.78M","-0.96%"
"Aug 26, 2016","37.65","37.72","37.84","37.38","4.18M","0.37%"
"Aug 25, 2016","37.51","37.50","37.57","37.25","5.13M","-0.03%"
"Aug 24, 2016","37.52","37.81","37.95","37.41","5.91M","-0.90%"
"Aug 23, 2016","37.86","38.42","38.43","37.80","6.07M","-0.66%"
"Aug 22, 2016","38.11","37.93","38.20","37.66","10.70M","0.05%"
"Aug 19, 2016","38.09","38.02","38.18","37.90","5.11M","-0.34%"
"Aug 18, 2016","38.22","38.07","38.38","37.93","3.88M","0.21%"
"Aug 17, 2016","38.14","38.41","38.46","37.88","5.26M","-0.63%"
"Aug 16, 2016","38.38","38.40","38.53","38.15","6.17M","-0.21%"
"Aug 15, 2016","38.46","38.55","38.65","38.34","4.55M","-0.13%"
"Aug 12, 2016","38.51","38.30","38.63","38.10","6.53M","0.13%"
"Aug 11, 2016","38.46","38.19","38.49","38.10","6.00M","1.02%"
"Aug 10, 2016","38.07","38.02","38.24","37.91","5.55M","-0.08%"
"Aug 09, 2016","38.10","38.03","38.14","37.88","5.05M","0.50%"
"Aug 08, 2016","37.91","38.19","38.30","37.65","6.10M","-0.50%"
"Aug 05, 2016","38.10","37.55","38.15","37.55","7.67M","2.14%"
"Aug 04, 2016","37.30","36.82","37.39","36.73","7.51M","1.97%"
"Aug 03, 2016","36.58","36.59","36.74","36.28","7.66M","0.11%"
"Aug 02, 2016","36.54","37.06","37.09","36.36","6.00M","-1.40%"
"Aug 01, 2016","37.06","37.43","37.44","36.90","5.47M","-0.48%"
"Jul 29, 2016","37.24","37.41","37.48","36.86","6.85M","0.05%"
"Jul 28, 2016","37.22","37.40","37.68","37.10","5.11M","0.00%"
"Jul 27, 2016","37.22","37.64","37.69","37.05","8.89M","-1.25%"
"Jul 26, 2016","37.69","37.78","38.27","37.60","10.28M","-0.24%"
"Jul 25, 2016","37.78","37.70","38.18","37.62","16.90M","0.96%"
"Jul 22, 2016","37.42","37.30","37.59","36.43","36.40M","-6.75%"
"Jul 21, 2016","40.13","40.33","40.33","39.65","13.36M","0.20%"
"Jul 20, 2016","40.05","39.44","40.45","39.12","11.19M","1.73%"
"Jul 19, 2016","39.37","38.97","39.47","38.83","8.12M","1.16%"
"Jul 18, 2016","38.92","39.13","39.22","38.73","7.88M","-0.43%"
"Jul 15, 2016","39.09","40.02","40.07","38.98","8.14M","-2.18%"
"Jul 14, 2016","39.96","39.69","40.07","39.40","9.68M","1.73%"
"Jul 13, 2016","39.28","38.84","39.99","38.83","12.46M","1.26%"
"Jul 12, 2016","38.79","38.47","38.91","38.24","10.01M","1.68%"
"Jul 11, 2016","38.15","37.45","38.33","37.40","10.10M","2.11%"
"Jul 08, 2016","37.36","36.78","37.46","36.66","6.83M","2.86%"
"Jul 07, 2016","36.32","35.92","36.39","35.84","7.33M","1.09%"
"Jul 06, 2016","35.93","35.94","36.17","35.72","7.82M","-0.53%"
"Jul 05, 2016","36.12","36.30","36.36","35.87","5.32M","-0.63%"
"Jul 01, 2016","36.35","36.60","36.67","36.25","7.26M","-0.44%"
"Jun 30, 2016","36.51","35.81","36.53","35.59","9.15M","2.07%"
"Jun 29, 2016","35.77","35.69","35.91","35.29","9.52M","1.50%"
"Jun 28, 2016","35.24","34.46","35.25","34.23","12.41M","3.04%"
"Jun 27, 2016","34.20","34.74","34.76","34.00","11.22M","-2.51%"
"Jun 24, 2016","35.08","35.00","35.73","34.61","17.65M","-4.31%"
"Jun 23, 2016","36.66","36.27","36.66","36.05","4.81M","1.83%"
"Jun 22, 2016","36.00","36.28","36.49","35.78","9.29M","-0.44%"
"Jun 21, 2016","36.16","36.80","36.80","35.95","12.82M","-1.90%"
"Jun 20, 2016","36.86","37.28","37.76","36.82","7.79M","-0.30%"
"Jun 17, 2016","36.97","37.03","37.18","36.63","7.95M","0.00%"
"Jun 16, 2016","36.97","36.62","37.04","36.35","6.11M","0.35%"
"Jun 15, 2016","36.84","37.16","37.22","36.78","7.09M","-0.86%"
"Jun 14, 2016","37.16","36.37","37.27","36.25","10.28M","1.70%"
"Jun 13, 2016","36.54","36.50","37.11","36.49","8.22M","-0.63%"
"Jun 10, 2016","36.77","36.83","37.05","36.62","7.74M","-0.97%"
"Jun 09, 2016","37.13","37.48","37.57","37.11","10.21M","-1.12%"
"Jun 08, 2016","37.55","37.53","37.70","37.06","8.67M","-0.05%"
"Jun 07, 2016","37.57","38.07","38.48","37.52","6.32M","-1.39%"
"Jun 06, 2016","38.10","38.47","38.49","37.98","5.07M","-0.60%"
"Jun 03, 2016","38.33","38.44","38.59","37.81","4.99M","-0.60%"
"Jun 02, 2016","38.56","38.42","38.69","38.32","4.66M","0.65%"
"Jun 01, 2016","38.31","37.81","38.48","37.71","5.46M","1.38%"
"May 31, 2016","37.79","37.96","38.03","37.50","12.23M","-0.79%"
"May 27, 2016","38.09","38.00","38.34","37.92","5.86M","0.05%"
"May 26, 2016","38.07","38.71","38.74","38.00","5.89M","-1.78%"
"May 25, 2016","38.76","38.87","39.06","38.51","6.56M","-0.41%"
"May 24, 2016","38.92","38.28","39.01","38.28","7.56M","2.23%"
"May 23, 2016","38.07","37.68","38.23","37.39","9.08M","1.44%"
"May 20, 2016","37.53","37.79","37.95","37.49","12.50M","-0.32%"
"May 19, 2016","37.65","38.81","38.88","37.31","17.04M","-3.41%"
"May 18, 2016","38.98","39.18","39.36","38.50","10.39M","-0.20%"
"May 17, 2016","39.06","39.10","39.66","38.75","10.75M","-0.61%"
"May 16, 2016","39.30","39.36","39.53","39.13","10.32M","-0.46%"
"May 13, 2016","39.48","39.54","39.80","39.31","5.89M","-0.08%"
"May 12, 2016","39.51","39.85","40.00","39.17","6.32M","-0.50%"
"May 11, 2016","39.71","39.57","40.31","39.57","6.00M","-1.00%"
"May 10, 2016","40.11","39.62","40.15","39.24","6.59M","1.24%"
"May 09, 2016","39.62","39.42","40.18","39.33","5.86M","0.35%"
"May 06, 2016","39.48","38.71","39.70","38.61","6.57M","1.36%"
"May 05, 2016","38.95","38.38","39.12","38.32","7.13M","1.67%"
"May 04, 2016","38.31","38.07","38.46","37.87","8.12M","-0.13%"
"May 03, 2016","38.36","38.63","38.97","38.14","9.15M","-1.69%"
"May 02, 2016","39.02","39.07","39.27","38.73","6.78M","-0.41%"
"Apr 29, 2016","39.18","39.71","39.87","38.59","10.00M","-2.22%"
"Apr 28, 2016","40.07","41.00","41.49","39.91","17.80M","0.15%"
"Apr 27, 2016","40.01","39.68","40.18","39.20","12.73M","0.70%"
"Apr 26, 2016","39.73","39.57","40.13","39.33","5.27M","-0.23%"
"Apr 25, 2016","39.82","40.27","40.84","39.54","7.93M","-1.22%"
"Apr 22, 2016","40.31","39.72","40.63","39.68","6.43M","0.52%"
"Apr 21, 2016","40.10","40.20","40.55","40.01","5.54M","0.05%"
"Apr 20, 2016","40.08","39.24","40.24","39.17","7.72M","2.14%"
"Apr 19, 2016","39.24","39.75","40.07","38.98","5.92M","-1.01%"
"Apr 18, 2016","39.64","38.56","39.69","38.43","6.43M","2.75%"
"Apr 15, 2016","38.58","38.69","38.95","38.29","5.24M","-0.16%"
"Apr 14, 2016","38.64","38.94","39.02","38.41","4.59M","-0.39%"
"Apr 13, 2016","38.79","38.25","39.12","38.19","7.08M","2.62%"
"Apr 12, 2016","37.80","38.32","38.32","37.34","7.68M","-0.68%"
"Apr 11, 2016","38.06","38.33","38.82","38.03","5.43M","-0.91%"
"Apr 08, 2016","38.41","38.61","38.70","38.10","7.82M","0.34%"
"Apr 07, 2016","38.28","38.85","38.94","38.12","7.29M","-2.25%"
"Apr 06, 2016","39.16","38.45","39.19","38.25","5.53M","1.58%"
"Apr 05, 2016","38.55","38.35","38.81","37.70","5.36M","-0.62%"
"Apr 04, 2016","38.79","39.36","39.38","38.41","5.38M","-1.55%"
"Apr 01, 2016","39.40","38.51","39.46","38.40","6.98M","2.07%"
"Mar 31, 2016","38.60","38.74","39.00","38.43","8.09M","-1.13%"
"Mar 30, 2016","39.04","39.94","40.04","38.99","5.25M","-1.24%"
"Mar 29, 2016","39.53","38.74","39.72","38.30","5.69M","2.04%"
"Mar 28, 2016","38.74","38.81","39.17","38.62","6.19M","-0.46%"
"Mar 24, 2016","38.92","39.40","39.51","37.00","15.04M","-3.95%"
"Mar 23, 2016","40.52","41.06","41.31","40.04","8.10M","-1.94%"
"Mar 22, 2016","41.32","40.67","41.75","40.63","10.55M","0.44%"
"Mar 21, 2016","41.14","39.41","41.17","39.20","13.43M","4.39%"
"Mar 18, 2016","39.41","39.86","39.86","38.69","15.13M","-1.30%"
"Mar 17, 2016","39.93","39.85","40.12","39.17","9.79M","0.23%"
"Mar 16, 2016","39.84","39.09","39.89","38.57","6.36M","1.45%"
"Mar 15, 2016","39.27","39.05","39.64","39.05","5.01M","-0.28%"
"Mar 14, 2016","39.38","39.40","39.80","39.04","5.30M","-0.28%"
"Mar 11, 2016","39.49","39.00","39.53","38.85","9.54M","2.60%"
"Mar 10, 2016","38.49","38.66","39.30","37.48","7.66M","-0.21%"
"Mar 09, 2016","38.57","38.48","38.62","37.82","4.99M","1.07%"
"Mar 08, 2016","38.16","38.69","38.88","38.11","6.01M","-2.10%"
"Mar 07, 2016","38.98","38.78","39.40","38.72","5.34M","-0.15%"
"Mar 04, 2016","39.04","38.77","39.70","38.76","7.20M","0.05%"
"Mar 03, 2016","39.02","38.96","39.24","38.63","7.66M","-0.36%"
"Mar 02, 2016","39.16","39.20","39.93","38.70","12.90M","-0.23%"
"Mar 01, 2016","39.25","38.52","39.55","38.02","14.09M","2.91%"
"Feb 29, 2016","38.14","37.47","38.93","37.45","23.94M","1.71%"
"Feb 27, 2016","37.50","37.48","37.50","37.48","7.81M","0.03%"
"Feb 26, 2016","37.49","36.73","37.53","36.37","8.59M","2.04%"
"Feb 25, 2016","36.74","36.67","36.83","36.18","5.21M","0.74%"
"Feb 24, 2016","36.47","35.22","36.75","34.86","8.09M","2.79%"
"Feb 23, 2016","35.48","35.72","35.94","35.02","8.42M","-1.44%"
"Feb 22, 2016","36.00","36.45","36.50","35.82","10.48M","0.67%"
"Feb 19, 2016","35.76","36.00","36.23","35.61","9.65M","-1.51%"
"Feb 18, 2016","36.31","36.41","36.53","35.66","9.02M","-0.14%"
"Feb 17, 2016","36.36","35.98","36.91","35.81","12.07M","2.54%"
"Feb 16, 2016","35.46","34.65","35.52","34.48","9.15M","3.38%"
"Feb 12, 2016","34.30","33.97","34.44","33.81","9.44M","2.33%"
"Feb 11, 2016","33.52","32.12","33.64","32.01","13.17M","1.88%"
"Feb 10, 2016","32.90","33.62","33.94","32.82","8.64M","0.61%"
"Feb 09, 2016","32.70","32.80","33.86","31.64","16.44M","-2.71%"
"Feb 08, 2016","33.61","34.00","34.29","31.98","20.63M","-4.16%"
"Feb 05, 2016","35.07","37.16","37.16","34.82","16.25M","-5.65%"
"Feb 04, 2016","37.17","36.66","37.28","36.54","10.21M","0.43%"
"Feb 03, 2016","37.01","36.87","37.55","36.07","14.54M","0.49%"
"Feb 02, 2016","36.83","36.53","37.77","36.44","17.31M","-0.67%"
"Feb 01, 2016","37.08","35.65","37.32","35.59","17.36M","2.60%"
"Jan 29, 2016","36.14","34.49","36.26","34.36","21.20M","5.55%"
"Jan 28, 2016","34.24","33.63","34.75","33.35","20.38M","8.39%"
"Jan 27, 2016","31.59","31.96","32.63","31.38","12.71M","-1.19%"
"Jan 26, 2016","31.97","31.49","31.98","31.39","8.62M","1.59%"
"Jan 25, 2016","31.47","31.98","31.98","31.35","7.59M","-0.69%"
"Jan 22, 2016","31.69","31.65","31.97","31.54","9.44M","1.57%"
"Jan 21, 2016","31.20","31.61","31.74","30.90","9.98M","0.00%"
"Jan 20, 2016","31.20","31.43","31.70","30.52","13.17M","-3.11%"
"Jan 19, 2016","32.20","32.76","33.18","31.93","6.67M","-0.34%"
"Jan 15, 2016","32.31","31.62","32.54","31.62","12.17M","-1.70%"
"Jan 14, 2016","32.87","32.15","33.04","31.70","7.75M","2.33%"
"Jan 13, 2016","32.12","33.28","33.57","31.97","8.07M","-2.90%"
"Jan 12, 2016","33.08","33.35","33.57","32.66","7.85M","0.12%"
"Jan 11, 2016","33.04","33.02","33.43","32.47","8.94M","1.07%"
"Jan 08, 2016","32.69","33.46","33.88","32.63","7.85M","-1.33%"
"Jan 07, 2016","33.13","33.15","34.16","33.02","11.04M","-2.50%"
"Jan 06, 2016","33.98","33.70","34.01","33.21","8.44M","-0.96%"
"Jan 05, 2016","34.31","34.98","34.98","33.86","11.23M","-1.27%"
"Jan 04, 2016","34.75","35.13","35.56","34.28","12.29M","-4.01%"
"Dec 31, 2015","36.20","36.30","36.50","36.05","4.48M","-0.77%"
"Dec 30, 2015","36.48","37.07","37.25","36.46","4.11M","-1.62%"
"Dec 29, 2015","37.08","36.92","37.45","36.75","3.44M","1.28%"
"Dec 28, 2015","36.61","36.70","37.00","36.25","4.93M","-1.24%"
"Dec 24, 2015","37.07","37.01","37.23","36.82","2.13M","-0.11%"
"Dec 23, 2015","37.11","36.79","37.68","36.77","7.58M","0.84%"
"Dec 22, 2015","36.80","36.12","36.89","35.78","6.03M","2.00%"
"Dec 21, 2015","36.08","35.21","36.15","35.11","5.86M","3.14%"
"Dec 18, 2015","34.98","35.35","35.76","34.73","13.75M","-1.58%"
"Dec 17, 2015","35.54","36.00","36.58","35.51","6.45M","-1.22%"
"Dec 16, 2015","35.98","36.12","36.25","35.19","7.08M","-0.94%"
"Dec 15, 2015","36.32","35.19","36.51","35.18","11.71M","3.74%"
"Dec 14, 2015","35.01","34.61","35.22","34.33","5.80M","0.92%"
"Dec 11, 2015","34.69","35.15","35.33","34.42","8.31M","-2.25%"
"Dec 10, 2015","35.49","35.16","35.91","35.16","6.95M","1.20%"
"Dec 09, 2015","35.07","35.39","35.60","34.83","7.38M","-1.49%"
"Dec 08, 2015","35.60","34.63","35.70","34.52","7.42M","1.25%"
"Dec 07, 2015","35.16","35.71","35.80","34.85","4.92M","-1.29%"
"Dec 04, 2015","35.62","34.38","35.82","34.22","10.66M","4.06%"
"Dec 03, 2015","34.23","35.20","35.23","33.85","7.31M","-2.62%"
"Dec 02, 2015","35.15","35.23","36.17","34.93","5.76M","-0.06%"
"Dec 01, 2015","35.17","35.41","35.41","33.85","14.89M","-0.26%"
"Nov 30, 2015","35.26","35.36","35.44","34.69","9.36M","0.23%"
"Nov 27, 2015","35.18","35.52","35.70","35.06","2.55M","-0.51%"
"Nov 25, 2015","35.36","35.20","35.86","35.13","3.88M","0.68%"
"Nov 24, 2015","35.12","35.25","35.30","34.88","8.39M","-1.24%"
"Nov 23, 2015","35.56","36.50","36.65","35.41","6.96M","-2.20%"
"Nov 20, 2015","36.36","36.45","36.45","35.92","4.54M","0.47%"
"Nov 19, 2015","36.19","36.45","36.50","35.91","5.04M","-0.08%"
"Nov 18, 2015","36.22","36.32","36.95","35.78","8.32M","0.03%"
"Nov 17, 2015","36.21","35.89","36.45","35.71","7.34M","1.68%"
"Nov 16, 2015","35.61","34.55","35.66","34.53","6.73M","3.13%"
"Nov 13, 2015","34.53","35.18","35.50","34.50","7.36M","-2.92%"
"Nov 12, 2015","35.57","35.95","36.05","34.83","11.84M","-2.09%"
"Nov 11, 2015","36.33","37.19","37.32","35.75","12.76M","-1.81%"
"Nov 10, 2015","37.00","36.58","37.20","36.50","36.38M","1.09%"
"Nov 09, 2015","36.60","36.10","36.74","35.65","11.57M","0.99%"
"Nov 06, 2015","36.24","36.59","36.70","35.80","10.26M","-1.28%"
"Nov 05, 2015","36.71","37.82","37.98","36.66","9.07M","-2.37%"
"Nov 04, 2015","37.60","38.45","38.52","37.33","12.23M","-0.79%"
"Nov 03, 2015","37.90","37.05","38.44","37.00","12.03M","2.46%"
"Nov 02, 2015","36.99","35.58","37.41","35.45","11.25M","2.72%"
"Oct 30, 2015","36.01","35.64","36.49","35.24","13.41M","0.28%"
"Oct 29, 2015","35.91","34.73","36.50","34.50","25.14M","-1.67%"
"Oct 28, 2015","36.52","36.21","36.65","35.81","11.63M","1.61%"
"Oct 27, 2015","35.94","36.39","36.39","35.31","8.50M","-1.37%"
"Oct 26, 2015","36.44","36.05","36.59","35.52","11.55M","4.14%"
"Oct 23, 2015","34.99","35.73","35.75","34.80","8.91M","0.57%"
"Oct 22, 2015","34.79","34.43","35.25","34.26","8.74M","2.84%"
"Oct 21, 2015","33.83","34.75","34.80","32.88","9.11M","-2.98%"
"Oct 20, 2015","34.87","34.80","34.99","34.59","6.08M","0.09%"
"Oct 19, 2015","34.84","34.43","34.91","33.79","5.86M","1.60%"
"Oct 16, 2015","34.29","34.75","35.05","33.95","5.39M","-0.95%"
"Oct 15, 2015","34.62","34.45","34.72","34.16","9.10M","1.67%"
"Oct 14, 2015","34.05","33.40","34.46","33.40","8.20M","2.50%"
"Oct 13, 2015","33.22","32.60","33.48","32.34","8.79M","1.81%"
"Oct 12, 2015","32.63","32.19","32.67","32.10","3.92M","1.78%"
"Oct 09, 2015","32.06","31.69","32.45","31.41","5.91M","1.23%"
"Oct 08, 2015","31.67","32.44","32.45","31.09","9.28M","-2.19%"
"Oct 07, 2015","32.38","32.31","32.47","31.52","6.97M","1.63%"
"Oct 06, 2015","31.86","32.91","32.91","31.78","7.44M","-2.48%"
"Oct 05, 2015","32.67","32.95","33.02","32.38","6.12M","-0.49%"
"Oct 02, 2015","32.83","30.82","32.86","30.75","7.61M","4.29%"
"Oct 01, 2015","31.48","30.82","31.59","30.75","9.66M","1.42%"
"Sep 30, 2015","31.04","31.20","31.28","30.64","13.67M","1.34%"
"Sep 29, 2015","30.63","32.27","32.67","30.30","12.01M","-5.02%"
"Sep 28, 2015","32.25","33.68","33.68","32.16","7.41M","-4.50%"
"Sep 25, 2015","33.77","34.60","34.69","33.50","6.57M","-0.41%"
"Sep 24, 2015","33.91","34.00","34.07","33.38","6.54M","-0.73%"
"Sep 23, 2015","34.16","33.49","34.34","33.26","5.41M","2.43%"
"Sep 22, 2015","33.35","33.94","34.10","33.19","8.54M","-2.63%"
"Sep 21, 2015","34.25","33.66","34.62","33.43","12.74M","4.04%"
"Sep 18, 2015","32.92","32.90","33.78","32.55","16.49M","-1.20%"
"Sep 17, 2015","33.32","33.72","33.99","33.08","7.85M","-1.33%"
"Sep 16, 2015","33.77","33.46","34.06","33.36","7.18M","-0.09%"
"Sep 15, 2015","33.80","33.72","33.95","32.67","11.87M","0.09%"
"Sep 14, 2015","33.77","33.70","33.95","33.20","7.90M","0.66%"
"Sep 11, 2015","33.55","33.27","33.59","32.61","9.18M","0.27%"
"Sep 10, 2015","33.46","34.23","34.29","32.95","12.13M","-2.65%"
"Sep 09, 2015","34.37","34.92","34.95","33.88","10.95M","-0.95%"
"Sep 08, 2015","34.70","34.81","34.89","34.25","7.67M","1.20%"
"Sep 04, 2015","34.29","34.71","34.72","33.78","7.48M","-2.89%"
"Sep 03, 2015","35.31","35.01","35.46","34.77","6.68M","0.68%"
"Sep 02, 2015","35.07","34.60","35.08","33.84","7.52M","3.85%"
"Sep 01, 2015","33.77","34.15","34.68","33.41","13.38M","-3.51%"
"Aug 31, 2015","35.00","35.50","35.51","34.77","12.12M","-0.11%"
"Aug 28, 2015","35.04","34.51","35.26","34.37","8.34M","1.21%"
"Aug 27, 2015","34.62","33.87","34.77","33.16","18.91M","4.37%"
"Aug 26, 2015","33.17","33.70","33.84","31.71","25.35M","1.44%"
"Aug 25, 2015","32.70","35.44","35.46","32.70","15.56M","-3.11%"
"Aug 24, 2015","33.75","31.17","34.85","30.00","19.68M","-1.46%"
"Aug 21, 2015","34.25","35.57","36.11","33.83","16.82M","-4.81%"
"Aug 20, 2015","35.98","36.85","37.34","35.88","10.65M","-3.25%"
"Aug 19, 2015","37.19","37.87","38.10","37.03","6.92M","-2.11%"
"Aug 18, 2015","37.99","39.00","39.00","37.87","4.68M","-1.91%"
"Aug 17, 2015","38.73","38.30","38.75","37.70","4.93M","1.55%"
"Aug 14, 2015","38.14","37.49","38.18","37.38","6.27M","1.38%"
"Aug 13, 2015","37.62","38.40","38.49","37.44","7.86M","-1.49%"
"Aug 12, 2015","38.19","38.55","38.58","37.01","21.37M","-1.70%"
"Aug 11, 2015","38.85","38.93","39.28","38.72","8.18M","-0.51%"
"Aug 10, 2015","39.05","39.43","39.69","38.77","8.00M","-0.20%"
"Aug 07, 2015","39.13","39.04","39.23","38.60","8.33M","0.72%"
"Aug 06, 2015","38.85","39.63","39.74","38.55","7.32M","-1.07%"
"Aug 05, 2015","39.27","39.70","39.88","39.17","9.46M","0.82%"
"Aug 04, 2015","38.95","39.91","39.91","38.43","10.99M","-1.12%"
"Aug 03, 2015","39.39","39.25","39.88","38.90","15.13M","1.78%"
"Jul 31, 2015","38.70","39.14","39.20","38.22","12.48M","0.65%"
"Jul 30, 2015","38.45","38.04","39.01","37.72","13.85M","1.32%"
"Jul 29, 2015","37.95","38.03","38.10","37.62","11.79M","0.93%"
"Jul 28, 2015","37.60","37.19","38.00","36.83","18.99M","3.33%"
"Jul 27, 2015","36.39","36.78","37.38","36.22","16.18M","-1.65%"
"Jul 24, 2015","37.00","37.71","38.00","36.91","14.27M","-0.03%"
"Jul 23, 2015","37.01","38.74","38.75","36.93","19.25M","-3.59%"
"Jul 22, 2015","38.39","39.35","39.72","38.10","25.38M","-2.44%"
"Jul 21, 2015","39.35","41.08","41.11","39.12","32.95M","-2.77%"
"Jul 20, 2015","40.47","41.46","42.55","39.80","52.29M","5.42%"
"Jul 17, 2015","38.39","39.42","40.20","38.18","45.72M","-0.62%"
"Jul 16, 2015","38.63","38.82","39.97","38.08","21.35M","2.99%"
"Jul 15, 2015","37.51","37.98","38.20","37.03","13.07M","1.57%"
"Jul 14, 2015","36.93","36.99","37.74","36.60","4.65M","0.41%"
"Jul 13, 2015","36.78","35.59","37.50","35.50","7.63M","6.02%"
"Jul 10, 2015","34.69","34.66","35.19","33.98","4.47M","0.55%"
"Jul 09, 2015","34.50","35.10","35.52","33.99","3.76M","-0.58%"
"Jul 08, 2015","34.70","36.34","36.36","34.53","5.39M","-5.24%"
"Jul 07, 2015","36.62","37.72","37.81","36.00","7.36M","-0.25%"